time_s,spl_db
5.000000,4.798794
15.000000,4.855704
25.000000,4.236157
35.000000,4.696256
45.000000,4.321242
