time_s,spl_db
5.000000,23.409917
15.000000,24.420451
25.000000,25.880805
35.000000,24.956892
45.000000,30.012039
