time_s,spl_db
5.000000,4.528330
15.000000,8.100232
25.000000,5.286409
35.000000,6.038002
45.000000,10.228524
