time_s,spl_db
5.000000,4.176027
15.000000,5.101692
25.000000,5.031879
35.000000,5.291384
45.000000,6.933085
